-- --------------------------------------------------------
-- Host:                         localhost
-- Versión del servidor:         8.0.42 - MySQL Community Server - GPL
-- SO del servidor:              Win64
-- HeidiSQL Versión:             12.10.0.7000
-- --------------------------------------------------------

/*!40101 SET @OLD_CHARACTER_SET_CLIENT=@@CHARACTER_SET_CLIENT */;
/*!40101 SET NAMES utf8 */;
/*!50503 SET NAMES utf8mb4 */;
/*!40103 SET @OLD_TIME_ZONE=@@TIME_ZONE */;
/*!40103 SET TIME_ZONE='+00:00' */;
/*!40014 SET @OLD_FOREIGN_KEY_CHECKS=@@FOREIGN_KEY_CHECKS, FOREIGN_KEY_CHECKS=0 */;
/*!40101 SET @OLD_SQL_MODE=@@SQL_MODE, SQL_MODE='NO_AUTO_VALUE_ON_ZERO' */;
/*!40111 SET @OLD_SQL_NOTES=@@SQL_NOTES, SQL_NOTES=0 */;


-- Volcando estructura de base de datos para financialdb
CREATE DATABASE IF NOT EXISTS `financialdb` /*!40100 DEFAULT CHARACTER SET utf8mb4 COLLATE utf8mb4_0900_ai_ci */ /*!80016 DEFAULT ENCRYPTION='N' */;
USE `financialdb`;

-- Volcando estructura para tabla financialdb.accounts
CREATE TABLE IF NOT EXISTS `accounts` (
  `account_num` int NOT NULL,
  `balance` decimal(50,2) NOT NULL,
  `bank_id` int DEFAULT NULL,
  `user_id` int DEFAULT NULL,
  `card_id` int DEFAULT NULL,
  PRIMARY KEY (`account_num`),
  KEY `user_id` (`user_id`),
  KEY `bank_id` (`bank_id`),
  KEY `card_id` (`card_id`),
  CONSTRAINT `accounts_ibfk_1` FOREIGN KEY (`user_id`) REFERENCES `users` (`user_id`) ON DELETE CASCADE,
  CONSTRAINT `accounts_ibfk_2` FOREIGN KEY (`bank_id`) REFERENCES `bank` (`bank_id`) ON DELETE CASCADE,
  CONSTRAINT `accounts_ibfk_3` FOREIGN KEY (`card_id`) REFERENCES `cards` (`card_id`) ON DELETE CASCADE
) ENGINE=InnoDB DEFAULT CHARSET=utf8mb4 COLLATE=utf8mb4_0900_ai_ci;

-- Volcando datos para la tabla financialdb.accounts: ~50 rows (aproximadamente)
INSERT INTO `accounts` (`account_num`, `balance`, `bank_id`, `user_id`, `card_id`) VALUES
	(101568273, 6817.00, 654749912, 307958594, 402193719),
	(114830997, 56377.00, 113163645, 481901357, 730106009),
	(116011072, 76254.00, 799349005, 786091466, 813700625),
	(131074551, 3328.00, 846252945, 364806130, 560629278),
	(142600342, 7727.00, 544237638, 937989285, 106109748),
	(170001393, 82857.00, 839127589, 473787210, 109127045),
	(187374532, 77218.00, 765971349, 428234817, 425248521),
	(192459144, 5579.00, 437185713, 584829885, 946607183),
	(214491505, 3806.00, 975964072, 896966100, 360802947),
	(215363179, 17961.00, 596304265, 550771984, 401446718),
	(227058299, 4853.00, 947198440, 569452678, 998567650),
	(268264295, 31483.00, 599713999, 651419172, 666334198),
	(282958006, 4966.00, 756654669, 260545616, 855311972),
	(304590855, 9774.00, 916432685, 281265203, 938915918),
	(327104039, 6630.00, 679235252, 127432318, 604723197),
	(336041020, 1157.00, 447335521, 689682810, 975910902),
	(341574705, 36284.00, 965252936, 151012500, 129391399),
	(407752913, 97956.00, 280898683, 567940148, 703975227),
	(432495827, 49085.00, 408987001, 631659054, 551739681),
	(436869433, 82311.00, 441371669, 700845677, 454690556),
	(452290824, 3954.00, 407711931, 552085676, 436039010),
	(476987939, 79740.00, 120522693, 995868025, 208921269),
	(510014859, 21548.00, 608251032, 726015610, 549759070),
	(511204574, 2724.00, 744483868, 155046583, 437653668),
	(526771753, 82722.00, 590365811, 105688391, 906470744),
	(535790385, 33168.00, 771155816, 697616763, 448094577),
	(548322512, 28039.00, 750586315, 149043920, 634999531),
	(548873825, 1023.00, 565388368, 231646902, 329729975),
	(553357761, 3584.00, 782676056, 671130404, 701038496),
	(556506782, 1267.00, 955921406, 499569175, 868567738),
	(569885189, 438.00, 489914294, 266949409, 309416263),
	(579414817, 26384.00, 177465746, 972531115, 155464422),
	(581804075, 93846.00, 690360377, 156917953, 521173853),
	(599822009, 27866.00, 334615916, 338875710, 537373141),
	(615124236, 89702.00, 662709395, 965053100, 753626569),
	(620948770, 99219.00, 495885336, 191873690, 647379913),
	(649811996, 83251.00, 613360824, 703912469, 869995960),
	(677255219, 5817.00, 610232502, 641267911, 916135840),
	(753040214, 46167.00, 307945084, 742042850, 417844360),
	(768704709, 8438.00, 649522178, 261526274, 551041553),
	(783728426, 27091.00, 361473636, 548284015, 290221785),
	(807524158, 8533.00, 851075932, 101331995, 743560289),
	(812717794, 56706.00, 518159482, 136044569, 306798665),
	(850447282, 13546.00, 223868302, 272201236, 527845137),
	(884288401, 3777.00, 548289339, 510608747, 769841735),
	(915037662, 99932.00, 435910983, 964719963, 320635584),
	(916860826, 3290.00, 732340847, 325913915, 564749774),
	(947157830, 92416.00, 264576485, 335430472, 821275433),
	(971857280, 9748.00, 155179725, 672062904, 947544693),
	(971931496, 22996.00, 118440214, 616754635, 527640142);

-- Volcando estructura para tabla financialdb.atms
CREATE TABLE IF NOT EXISTS `atms` (
  `atm_id` int NOT NULL,
  `atm_address` varchar(50) NOT NULL,
  `bill_limit` smallint NOT NULL DEFAULT '5000',
  `cash_limit` smallint NOT NULL DEFAULT '10000',
  `bank_id` int DEFAULT NULL,
  PRIMARY KEY (`atm_id`),
  KEY `bank_id` (`bank_id`),
  CONSTRAINT `atms_ibfk_1` FOREIGN KEY (`bank_id`) REFERENCES `bank` (`bank_id`) ON DELETE CASCADE
) ENGINE=InnoDB DEFAULT CHARSET=utf8mb4 COLLATE=utf8mb4_0900_ai_ci;

-- Volcando datos para la tabla financialdb.atms: ~50 rows (aproximadamente)
INSERT INTO `atms` (`atm_id`, `atm_address`, `bill_limit`, `cash_limit`, `bank_id`) VALUES
	(114072316, '68 Oak Lane Rancho Cucamonga, CA 91730', 5000, 10000, 782676056),
	(157126494, '10 Franklin Street Salinas, CA 93906', 5000, 10000, 765971349),
	(159921856, '64 Lafayette Street San Diego, CA 92115', 5000, 10000, 732340847),
	(202194948, '60 Grant Avenue Tulare, CA 93274', 5000, 10000, 679235252),
	(211549292, '83 Broadway Westminster, CA 92683', 5000, 10000, 916432685),
	(216422679, '30 Magnolia Avenue Baldwin Park, CA 91706', 5000, 10000, 307945084),
	(220505214, '79 Chestnut Street Los Angeles, CA 90003', 5000, 10000, 846252945),
	(232616518, '60 Roberts Road San Jose, CA 95123', 5000, 10000, 155179725),
	(243778022, '31 Schoolhouse Lane Canyon Country, CA 91351', 5000, 10000, 756654669),
	(280946959, '28 Bank Street San Diego, CA 92154', 5000, 10000, 799349005),
	(331234082, '34 Franklin Street Merced, CA 95340', 5000, 10000, 435910983),
	(352023723, '3 Race Street Sunnyvale, CA 94086', 5000, 10000, 613360824),
	(355615067, '38 Aspen Drive Chula Vista, CA 91911', 5000, 10000, 113163645),
	(373547356, '20 Park Street San Diego, CA 92117', 5000, 10000, 437185713),
	(399425722, '94 Cherry Street La Puente, CA 91744', 5000, 10000, 649522178),
	(439382146, '10 Locust Lane Anaheim, CA 92805', 5000, 10000, 223868302),
	(457219897, '43 Magnolia Avenue Oakland, CA 94601', 5000, 10000, 548289339),
	(497311418, '24 Monroe Street Santa Ana, CA 92707', 5000, 10000, 839127589),
	(505570697, '43 Devonshire Drive San Diego, CA 92117', 5000, 10000, 264576485),
	(512122208, '51 Magnolia Avenue Laguna Niguel, CA 92677', 5000, 10000, 947198440),
	(531034310, '49 Bridle Lane Modesto, CA 95350', 5000, 10000, 608251032),
	(574112241, '50 8th Street Compton, CA 90221', 5000, 10000, 955921406),
	(574642706, '21 Edgewood Road Folsom, CA 95630', 5000, 10000, 441371669),
	(590688172, '26 Green Street La Puente, CA 91744', 5000, 10000, 975964072),
	(623393128, '25 Summer Street San Diego, CA 92105', 5000, 10000, 662709395),
	(658312317, '85 Oxford Road Watsonville, CA 95076', 5000, 10000, 750586315),
	(658503272, '15 Bridge Street Vista, CA 92083', 5000, 10000, 654749912),
	(665312458, '16 Walnut Street San Jose, CA 95111', 5000, 10000, 851075932),
	(670717971, '94 Old York Road Santa Ana, CA 92701', 5000, 10000, 447335521),
	(681651425, '67 Buttonwood Drive Los Angeles, CA 90022', 5000, 10000, 407711931),
	(687179920, '78 Pheasant Run Salinas, CA 93906', 5000, 10000, 334615916),
	(698839616, '85 Mechanic Street Montebello, CA 90640', 5000, 10000, 599713999),
	(704574499, '30 Hillside Drive North Hollywood, CA 91605', 5000, 10000, 771155816),
	(730816273, '86 Schoolhouse Lane Huntington Beach, CA 92646', 5000, 10000, 495885336),
	(741466362, '72 Canal Street Oakland, CA 94601', 5000, 10000, 518159482),
	(760731674, '74 Center Street San Bernardino, CA 92404', 5000, 10000, 118440214),
	(770139830, '44 College Street Van Nuys, CA 91405', 5000, 10000, 361473636),
	(779630597, '6 Washington Street Carson, CA 90745', 5000, 10000, 489914294),
	(817085901, '10 1st Street Huntington Park, CA 90255', 5000, 10000, 177465746),
	(820545819, '17 Hartford Road Pomona, CA 91766', 5000, 10000, 610232502),
	(832694289, '26 Atlantic Avenue San Diego, CA 92117', 5000, 10000, 965252936),
	(842691955, '75 Cedar Lane Porterville, CA 93257', 5000, 10000, 120522693),
	(861056583, '90 2nd Street East National City, CA 91950', 5000, 10000, 544237638),
	(881258841, '35 Elizabeth Street Carmichael, CA 95608', 5000, 10000, 690360377),
	(907530726, '17 John Street Simi Valley, CA 93065', 5000, 10000, 596304265),
	(939559663, '86 Route 7 Los Angeles, CA 90006', 5000, 10000, 408987001),
	(943916790, '65 Washington Street Ontario, CA 91762', 5000, 10000, 744483868),
	(961407405, '76 4th Street North Salinas, CA 93906', 5000, 10000, 590365811),
	(966741396, '51 7th Street El Cajon, CA 92021', 5000, 10000, 280898683),
	(975415121, '92 Lincoln Avenue Vacaville, CA 95687', 5000, 10000, 565388368);

-- Volcando estructura para tabla financialdb.bank
CREATE TABLE IF NOT EXISTS `bank` (
  `bank_id` int NOT NULL,
  `bank_name` varchar(50) NOT NULL,
  PRIMARY KEY (`bank_id`),
  CONSTRAINT `bank_chk_1` CHECK ((`bank_id` > 0))
) ENGINE=InnoDB DEFAULT CHARSET=utf8mb4 COLLATE=utf8mb4_0900_ai_ci;

-- Volcando datos para la tabla financialdb.bank: ~50 rows (aproximadamente)
INSERT INTO `bank` (`bank_id`, `bank_name`) VALUES
	(113163645, 'First Colonial Bank for Savings'),
	(118440214, 'Hacienda Federal Savings and Loan Association'),
	(120522693, 'Mountain West Bank'),
	(155179725, 'Hacienda Federal Savings and Loan Association'),
	(177465746, 'The Hartley National Bank'),
	(223868302, 'Mountain West Bank'),
	(264576485, 'Silverton Bridge Bank'),
	(280898683, 'Silverton Bridge Bank'),
	(307945084, 'Schuyler State Bank'),
	(334615916, 'Turtle Creek National Bank'),
	(361473636, 'Congressional Bank'),
	(407711931, 'Silverton Bridge Bank'),
	(408987001, 'Paradise Finance'),
	(435910983, 'Silverton Bridge Bank'),
	(437185713, 'Mountain West Bank'),
	(441371669, 'Turtle Creek National Bank'),
	(447335521, 'Schuyler State Bank'),
	(489914294, 'Congressional Bank'),
	(495885336, 'Michigan Bank'),
	(518159482, 'The Hartley National Bank'),
	(544237638, 'The Hartley National Bank'),
	(548289339, 'First Colonial Bank for Savings'),
	(565388368, 'Silverton Bridge Bank'),
	(590365811, 'Schuyler State Bank'),
	(596304265, 'First Colonial Bank for Savings'),
	(599713999, 'Hacienda Federal Savings and Loan Association'),
	(608251032, 'Michigan Bank'),
	(610232502, 'Michigan Bank'),
	(613360824, 'Turtle Creek National Bank'),
	(649522178, 'The Hartley National Bank'),
	(654749912, 'Paradise Finance'),
	(662709395, 'Michigan Bank'),
	(679235252, 'Paradise Finance'),
	(690360377, 'The Hartley National Bank'),
	(732340847, 'Schuyler State Bank'),
	(744483868, 'First Colonial Bank for Savings'),
	(750586315, 'First Colonial Bank for Savings'),
	(756654669, 'Turtle Creek National Bank'),
	(765971349, 'Congressional Bank'),
	(771155816, 'Mountain West Bank'),
	(782676056, 'Paradise Finance'),
	(799349005, 'Congressional Bank'),
	(839127589, 'Paradise Finance'),
	(846252945, 'Hacienda Federal Savings and Loan Association'),
	(851075932, 'Schuyler State Bank'),
	(916432685, 'Congressional Bank'),
	(947198440, 'Michigan Bank'),
	(955921406, 'Turtle Creek National Bank'),
	(965252936, 'Paradise Finance'),
	(975964072, 'Hacienda Federal Savings and Loan Association');

-- Volcando estructura para tabla financialdb.cards
CREATE TABLE IF NOT EXISTS `cards` (
  `card_id` int NOT NULL,
  `card_num` char(16) NOT NULL,
  `pin` char(4) NOT NULL,
  `user_id` int DEFAULT NULL,
  `bank_id` int DEFAULT NULL,
  PRIMARY KEY (`card_id`),
  UNIQUE KEY `card_num` (`card_num`),
  KEY `user_id` (`user_id`),
  KEY `bank_id` (`bank_id`),
  CONSTRAINT `cards_ibfk_1` FOREIGN KEY (`user_id`) REFERENCES `users` (`user_id`) ON DELETE CASCADE,
  CONSTRAINT `cards_ibfk_2` FOREIGN KEY (`bank_id`) REFERENCES `bank` (`bank_id`) ON DELETE CASCADE
) ENGINE=InnoDB DEFAULT CHARSET=utf8mb4 COLLATE=utf8mb4_0900_ai_ci;

-- Volcando datos para la tabla financialdb.cards: ~50 rows (aproximadamente)
INSERT INTO `cards` (`card_id`, `card_num`, `pin`, `user_id`, `bank_id`) VALUES
	(106109748, '7936076350039620', '4353', 937989285, 544237638),
	(109127045, '4112844938664340', '6301', 473787210, 839127589),
	(129391399, '6983412532898040', '5856', 151012500, 965252936),
	(155464422, '1028765010069440', '6203', 972531115, 177465746),
	(208921269, '8593374104865480', '1483', 995868025, 120522693),
	(290221785, '3111811876741060', '0091', 548284015, 361473636),
	(306798665, '1200640838250280', '9920', 136044569, 518159482),
	(309416263, '5227347016369420', '7175', 266949409, 489914294),
	(320635584, '5360489168499460', '5345', 964719963, 435910983),
	(329729975, '6645287970471440', '5186', 231646902, 565388368),
	(360802947, '5979625754181270', '3888', 896966100, 975964072),
	(401446718, '9459766113788680', '4644', 550771984, 596304265),
	(402193719, '9697464673983030', '8676', 307958594, 654749912),
	(417844360, '1216011593502420', '3004', 742042850, 307945084),
	(425248521, '2393144633260010', '9856', 428234817, 765971349),
	(436039010, '4649243447558200', '1393', 552085676, 407711931),
	(437653668, '8753738532923990', '1986', 155046583, 744483868),
	(448094577, '3159847528348310', '1513', 697616763, 771155816),
	(454690556, '3640147984349460', '1200', 700845677, 441371669),
	(521173853, '5053204554797180', '6841', 156917953, 690360377),
	(527640142, '2378971424541900', '5628', 616754635, 118440214),
	(527845137, '2204519822800840', '5683', 272201236, 223868302),
	(537373141, '2450563549027140', '9187', 338875710, 334615916),
	(549759070, '7075561582023900', '5553', 726015610, 608251032),
	(551041553, '1933788796870520', '3000', 261526274, 649522178),
	(551739681, '6186292285865560', '1253', 631659054, 408987001),
	(560629278, '1487779062321050', '1276', 364806130, 846252945),
	(564749774, '2477938614279600', '2670', 325913915, 732340847),
	(604723197, '8089142225657510', '2872', 127432318, 679235252),
	(634999531, '5038395532054010', '2539', 149043920, 750586315),
	(647379913, '2400249874857050', '1673', 191873690, 495885336),
	(666334198, '1813535456466250', '0824', 651419172, 599713999),
	(701038496, '8852229864927180', '7933', 671130404, 782676056),
	(703975227, '3970508119951590', '3388', 567940148, 280898683),
	(730106009, '6240017680091590', '0832', 481901357, 113163645),
	(743560289, '7271882024670140', '3814', 101331995, 851075932),
	(753626569, '5417550249344240', '9689', 965053100, 662709395),
	(769841735, '6527544689167120', '7060', 510608747, 548289339),
	(813700625, '9892457615584870', '8082', 786091466, 799349005),
	(821275433, '3232467998313530', '1618', 335430472, 264576485),
	(855311972, '1883469623391970', '2128', 260545616, 756654669),
	(868567738, '6513539168164550', '3081', 499569175, 955921406),
	(869995960, '7374168774334390', '4933', 703912469, 613360824),
	(906470744, '9755783357320070', '6450', 105688391, 590365811),
	(916135840, '2364272812259550', '8194', 641267911, 610232502),
	(938915918, '6257297408992580', '6747', 281265203, 916432685),
	(946607183, '4101870838553080', '5551', 584829885, 437185713),
	(947544693, '7006241458431350', '2183', 672062904, 155179725),
	(975910902, '5265987480631140', '0071', 689682810, 447335521),
	(998567650, '7703518824066050', '9728', 569452678, 947198440);

-- Volcando estructura para tabla financialdb.deposit
CREATE TABLE IF NOT EXISTS `deposit` (
  `trans_id` int NOT NULL,
  `trans_amount` decimal(10,2) NOT NULL,
  `account_num` int DEFAULT NULL,
  `trans_date` timestamp NOT NULL DEFAULT CURRENT_TIMESTAMP,
  PRIMARY KEY (`trans_id`),
  KEY `account_num` (`account_num`),
  CONSTRAINT `deposit_ibfk_1` FOREIGN KEY (`account_num`) REFERENCES `accounts` (`account_num`) ON DELETE CASCADE,
  CONSTRAINT `deposit_chk_1` CHECK (((`trans_id` > 0) and (`trans_amount` > 0)))
) ENGINE=InnoDB DEFAULT CHARSET=utf8mb4 COLLATE=utf8mb4_0900_ai_ci;

-- Volcando datos para la tabla financialdb.deposit: ~250 rows (aproximadamente)
INSERT INTO `deposit` (`trans_id`, `trans_amount`, `account_num`, `trans_date`) VALUES
	(104683513, 719.00, 535790385, '2025-05-01 20:13:06'),
	(106570209, 7272.00, 783728426, '2025-05-01 20:13:06'),
	(107017536, 7985.00, 452290824, '2025-05-01 20:13:06'),
	(110102641, 1710.00, 327104039, '2025-05-01 20:13:06'),
	(110714039, 8214.00, 526771753, '2025-05-01 20:13:06'),
	(116447738, 4407.00, 620948770, '2025-05-01 20:13:06'),
	(116548656, 2821.00, 327104039, '2025-05-01 20:13:06'),
	(121701496, 2814.00, 753040214, '2025-05-01 20:13:06'),
	(126725157, 3425.00, 268264295, '2025-05-01 20:13:06'),
	(131068010, 2167.00, 526771753, '2025-05-01 20:13:06'),
	(133254305, 9181.00, 114830997, '2025-05-01 20:13:06'),
	(136842354, 1976.00, 677255219, '2025-05-01 20:13:06'),
	(138039565, 4194.00, 581804075, '2025-05-01 20:13:06'),
	(143274211, 9912.00, 947157830, '2025-05-01 20:13:06'),
	(144993095, 5492.00, 620948770, '2025-05-01 20:13:06'),
	(158610912, 8722.00, 553357761, '2025-05-01 20:13:06'),
	(175767443, 1208.00, 812717794, '2025-05-01 20:13:06'),
	(177807570, 3433.00, 432495827, '2025-05-01 20:13:06'),
	(193257619, 3778.00, 304590855, '2025-05-01 20:13:06'),
	(194799868, 6017.00, 677255219, '2025-05-01 20:13:06'),
	(196322050, 4477.00, 768704709, '2025-05-01 20:13:06'),
	(198371172, 9702.00, 407752913, '2025-05-01 20:13:06'),
	(205550278, 8847.00, 215363179, '2025-05-01 20:13:06'),
	(206442452, 6573.00, 192459144, '2025-05-01 20:13:06'),
	(208455627, 6715.00, 327104039, '2025-05-01 20:13:06'),
	(208911527, 829.00, 579414817, '2025-05-01 20:13:06'),
	(211423940, 7153.00, 407752913, '2025-05-01 20:13:06'),
	(218918911, 3882.00, 432495827, '2025-05-01 20:13:06'),
	(223656040, 2777.00, 511204574, '2025-05-01 20:13:06'),
	(231263376, 4277.00, 768704709, '2025-05-01 20:13:06'),
	(233760414, 1794.00, 336041020, '2025-05-01 20:13:06'),
	(234493422, 3497.00, 510014859, '2025-05-01 20:13:06'),
	(237196321, 2316.00, 884288401, '2025-05-01 20:13:06'),
	(238665474, 8439.00, 807524158, '2025-05-01 20:13:06'),
	(238718685, 1460.00, 915037662, '2025-05-01 20:13:06'),
	(242745651, 440.00, 553357761, '2025-05-01 20:13:06'),
	(245218294, 4787.00, 511204574, '2025-05-01 20:13:06'),
	(247395825, 1871.00, 131074551, '2025-05-01 20:13:06'),
	(249538953, 6644.00, 971931496, '2025-05-01 20:13:06'),
	(251268587, 5438.00, 569885189, '2025-05-01 20:13:06'),
	(254437202, 8489.00, 615124236, '2025-05-01 20:13:06'),
	(260253470, 4832.00, 187374532, '2025-05-01 20:13:06'),
	(262171266, 4309.00, 116011072, '2025-05-01 20:13:06'),
	(266220763, 3960.00, 227058299, '2025-05-01 20:13:06'),
	(268650789, 6307.00, 768704709, '2025-05-01 20:13:06'),
	(269253526, 5223.00, 526771753, '2025-05-01 20:13:06'),
	(273058351, 634.00, 116011072, '2025-05-01 20:13:06'),
	(277070690, 2792.00, 548322512, '2025-05-01 20:13:06'),
	(282771378, 2158.00, 282958006, '2025-05-01 20:13:06'),
	(283846048, 2964.00, 807524158, '2025-05-01 20:13:06'),
	(284688394, 9744.00, 116011072, '2025-05-01 20:13:06'),
	(301811038, 5208.00, 850447282, '2025-05-01 20:13:06'),
	(303146311, 9047.00, 535790385, '2025-05-01 20:13:06'),
	(308776892, 8187.00, 304590855, '2025-05-01 20:13:06'),
	(308984198, 6528.00, 556506782, '2025-05-01 20:13:06'),
	(315626610, 5791.00, 336041020, '2025-05-01 20:13:06'),
	(316916581, 2827.00, 556506782, '2025-05-01 20:13:06'),
	(318159950, 2538.00, 916860826, '2025-05-01 20:13:06'),
	(330532810, 8305.00, 971857280, '2025-05-01 20:13:06'),
	(332133705, 2711.00, 336041020, '2025-05-01 20:13:06'),
	(332565088, 3907.00, 569885189, '2025-05-01 20:13:06'),
	(337526173, 1527.00, 215363179, '2025-05-01 20:13:06'),
	(340048643, 1974.00, 677255219, '2025-05-01 20:13:06'),
	(343914584, 4811.00, 768704709, '2025-05-01 20:13:06'),
	(344505076, 722.00, 535790385, '2025-05-01 20:13:06'),
	(348031108, 7382.00, 187374532, '2025-05-01 20:13:06'),
	(354271931, 9562.00, 548322512, '2025-05-01 20:13:06'),
	(369274576, 4729.00, 947157830, '2025-05-01 20:13:06'),
	(369651163, 6500.00, 452290824, '2025-05-01 20:13:06'),
	(372543412, 9093.00, 336041020, '2025-05-01 20:13:06'),
	(373347232, 2498.00, 556506782, '2025-05-01 20:13:06'),
	(374153680, 8504.00, 649811996, '2025-05-01 20:13:06'),
	(374421364, 5643.00, 282958006, '2025-05-01 20:13:06'),
	(374575540, 3714.00, 341574705, '2025-05-01 20:13:06'),
	(376128270, 6506.00, 114830997, '2025-05-01 20:13:06'),
	(376842711, 5079.00, 187374532, '2025-05-01 20:13:06'),
	(382234973, 2955.00, 753040214, '2025-05-01 20:13:06'),
	(384312620, 8136.00, 620948770, '2025-05-01 20:13:06'),
	(391619144, 3954.00, 510014859, '2025-05-01 20:13:06'),
	(392949439, 4724.00, 553357761, '2025-05-01 20:13:06'),
	(396217616, 4864.00, 476987939, '2025-05-01 20:13:06'),
	(398016379, 6975.00, 407752913, '2025-05-01 20:13:06'),
	(406303758, 790.00, 215363179, '2025-05-01 20:13:06'),
	(410251590, 3929.00, 649811996, '2025-05-01 20:13:06'),
	(411860003, 1431.00, 227058299, '2025-05-01 20:13:06'),
	(412483362, 3113.00, 553357761, '2025-05-01 20:13:06'),
	(418923962, 7439.00, 214491505, '2025-05-01 20:13:06'),
	(419603495, 6861.00, 116011072, '2025-05-01 20:13:06'),
	(431561038, 8852.00, 812717794, '2025-05-01 20:13:06'),
	(448947694, 4344.00, 971931496, '2025-05-01 20:13:06'),
	(458050325, 9531.00, 214491505, '2025-05-01 20:13:06'),
	(460115430, 4334.00, 615124236, '2025-05-01 20:13:06'),
	(463952801, 6343.00, 116011072, '2025-05-01 20:13:06'),
	(464439651, 3276.00, 915037662, '2025-05-01 20:13:06'),
	(465170567, 2942.00, 282958006, '2025-05-01 20:13:06'),
	(467235856, 3556.00, 436869433, '2025-05-01 20:13:06'),
	(467642874, 9947.00, 131074551, '2025-05-01 20:13:06'),
	(467905335, 8056.00, 131074551, '2025-05-01 20:13:06'),
	(477774610, 2594.00, 649811996, '2025-05-01 20:13:06'),
	(480311561, 387.00, 192459144, '2025-05-01 20:13:06'),
	(485360524, 2141.00, 548873825, '2025-05-01 20:13:06'),
	(486812785, 7634.00, 599822009, '2025-05-01 20:13:06'),
	(491278643, 8249.00, 915037662, '2025-05-01 20:13:06'),
	(500677821, 3615.00, 268264295, '2025-05-01 20:13:06'),
	(511274373, 675.00, 131074551, '2025-05-01 20:13:06'),
	(512547034, 5131.00, 615124236, '2025-05-01 20:13:06'),
	(513195025, 8755.00, 436869433, '2025-05-01 20:13:06'),
	(516596788, 7544.00, 282958006, '2025-05-01 20:13:06'),
	(526136340, 5047.00, 812717794, '2025-05-01 20:13:06'),
	(528162535, 1455.00, 850447282, '2025-05-01 20:13:06'),
	(528404215, 6007.00, 649811996, '2025-05-01 20:13:06'),
	(530623079, 6328.00, 114830997, '2025-05-01 20:13:06'),
	(533488769, 8215.00, 142600342, '2025-05-01 20:13:06'),
	(535304448, 6392.00, 304590855, '2025-05-01 20:13:06'),
	(545113403, 4754.00, 227058299, '2025-05-01 20:13:06'),
	(546033659, 1137.00, 114830997, '2025-05-01 20:13:06'),
	(546269182, 6837.00, 327104039, '2025-05-01 20:13:06'),
	(546774692, 9521.00, 783728426, '2025-05-01 20:13:06'),
	(548155601, 5805.00, 432495827, '2025-05-01 20:13:06'),
	(556873740, 6948.00, 783728426, '2025-05-01 20:13:06'),
	(557708243, 8942.00, 556506782, '2025-05-01 20:13:06'),
	(559410225, 3552.00, 187374532, '2025-05-01 20:13:06'),
	(564987290, 1833.00, 599822009, '2025-05-01 20:13:06'),
	(566546436, 1260.00, 768704709, '2025-05-01 20:13:06'),
	(568068231, 1025.00, 214491505, '2025-05-01 20:13:06'),
	(570280065, 8726.00, 807524158, '2025-05-01 20:13:06'),
	(578170315, 5665.00, 101568273, '2025-05-01 20:13:06'),
	(584577594, 6543.00, 526771753, '2025-05-01 20:13:06'),
	(587945112, 4149.00, 341574705, '2025-05-01 20:13:06'),
	(590558419, 1373.00, 807524158, '2025-05-01 20:13:06'),
	(590713777, 4910.00, 971857280, '2025-05-01 20:13:06'),
	(590738200, 2823.00, 341574705, '2025-05-01 20:13:06'),
	(593903176, 603.00, 511204574, '2025-05-01 20:13:06'),
	(595561682, 7737.00, 971857280, '2025-05-01 20:13:06'),
	(599095656, 3268.00, 915037662, '2025-05-01 20:13:06'),
	(607713970, 6688.00, 214491505, '2025-05-01 20:13:06'),
	(609067669, 1138.00, 142600342, '2025-05-01 20:13:06'),
	(611253673, 8945.00, 101568273, '2025-05-01 20:13:06'),
	(612539446, 5892.00, 142600342, '2025-05-01 20:13:06'),
	(619470814, 8489.00, 783728426, '2025-05-01 20:13:06'),
	(625387066, 5198.00, 753040214, '2025-05-01 20:13:06'),
	(628354342, 9510.00, 569885189, '2025-05-01 20:13:06'),
	(630699311, 6279.00, 579414817, '2025-05-01 20:13:06'),
	(635685401, 4209.00, 548322512, '2025-05-01 20:13:06'),
	(643451595, 4336.00, 579414817, '2025-05-01 20:13:06'),
	(651861654, 4953.00, 649811996, '2025-05-01 20:13:06'),
	(652202828, 9974.00, 101568273, '2025-05-01 20:13:06'),
	(659086844, 4572.00, 282958006, '2025-05-01 20:13:06'),
	(665763245, 5264.00, 553357761, '2025-05-01 20:13:06'),
	(673395009, 5155.00, 599822009, '2025-05-01 20:13:06'),
	(673868444, 6143.00, 341574705, '2025-05-01 20:13:06'),
	(689638143, 2946.00, 526771753, '2025-05-01 20:13:06'),
	(690374540, 1221.00, 341574705, '2025-05-01 20:13:06'),
	(692849291, 4081.00, 304590855, '2025-05-01 20:13:06'),
	(697019866, 4547.00, 227058299, '2025-05-01 20:13:06'),
	(698151523, 3311.00, 436869433, '2025-05-01 20:13:06'),
	(699773715, 9840.00, 916860826, '2025-05-01 20:13:06'),
	(705582712, 4620.00, 304590855, '2025-05-01 20:13:06'),
	(718174055, 3443.00, 971857280, '2025-05-01 20:13:06'),
	(719718361, 7429.00, 170001393, '2025-05-01 20:13:06'),
	(720816021, 777.00, 327104039, '2025-05-01 20:13:06'),
	(720891326, 3131.00, 569885189, '2025-05-01 20:13:06'),
	(721234292, 7977.00, 336041020, '2025-05-01 20:13:06'),
	(725101841, 560.00, 131074551, '2025-05-01 20:13:06'),
	(728118540, 4426.00, 581804075, '2025-05-01 20:13:06'),
	(728512909, 9280.00, 971931496, '2025-05-01 20:13:06'),
	(729628474, 6638.00, 432495827, '2025-05-01 20:13:06'),
	(737307369, 6229.00, 548873825, '2025-05-01 20:13:06'),
	(740242125, 3200.00, 971857280, '2025-05-01 20:13:06'),
	(740794021, 302.00, 268264295, '2025-05-01 20:13:06'),
	(741522749, 4345.00, 214491505, '2025-05-01 20:13:06'),
	(746584804, 9015.00, 915037662, '2025-05-01 20:13:06'),
	(749982796, 2927.00, 807524158, '2025-05-01 20:13:06'),
	(753702788, 6717.00, 170001393, '2025-05-01 20:13:06'),
	(755560719, 1294.00, 884288401, '2025-05-01 20:13:06'),
	(756616870, 5919.00, 407752913, '2025-05-01 20:13:06'),
	(761348632, 1248.00, 581804075, '2025-05-01 20:13:06'),
	(763916588, 7640.00, 192459144, '2025-05-01 20:13:06'),
	(766379719, 9770.00, 476987939, '2025-05-01 20:13:06'),
	(767495530, 8103.00, 535790385, '2025-05-01 20:13:06'),
	(769391743, 8147.00, 753040214, '2025-05-01 20:13:06'),
	(770458283, 1377.00, 753040214, '2025-05-01 20:13:06'),
	(773417442, 9379.00, 783728426, '2025-05-01 20:13:06'),
	(776592736, 3940.00, 677255219, '2025-05-01 20:13:06'),
	(795084952, 4007.00, 620948770, '2025-05-01 20:13:06'),
	(798677544, 6524.00, 548322512, '2025-05-01 20:13:06'),
	(801239663, 9895.00, 581804075, '2025-05-01 20:13:06'),
	(813328700, 3758.00, 187374532, '2025-05-01 20:13:06'),
	(815656162, 7437.00, 535790385, '2025-05-01 20:13:06'),
	(816696765, 3368.00, 192459144, '2025-05-01 20:13:06'),
	(816837091, 5167.00, 884288401, '2025-05-01 20:13:06'),
	(817730491, 7462.00, 581804075, '2025-05-01 20:13:06'),
	(825269014, 5996.00, 548873825, '2025-05-01 20:13:06'),
	(825760641, 7082.00, 579414817, '2025-05-01 20:13:06'),
	(827089828, 4507.00, 569885189, '2025-05-01 20:13:06'),
	(830954575, 276.00, 511204574, '2025-05-01 20:13:06'),
	(836475113, 1432.00, 677255219, '2025-05-01 20:13:06'),
	(844615085, 583.00, 407752913, '2025-05-01 20:13:06'),
	(850375050, 7407.00, 548322512, '2025-05-01 20:13:06'),
	(852011303, 3474.00, 142600342, '2025-05-01 20:13:06'),
	(852227071, 2848.00, 971931496, '2025-05-01 20:13:06'),
	(858762871, 7107.00, 101568273, '2025-05-01 20:13:06'),
	(860683230, 8972.00, 227058299, '2025-05-01 20:13:06'),
	(865516855, 9532.00, 916860826, '2025-05-01 20:13:06'),
	(868681057, 8778.00, 884288401, '2025-05-01 20:13:06'),
	(869562987, 3703.00, 436869433, '2025-05-01 20:13:06'),
	(869574582, 1089.00, 850447282, '2025-05-01 20:13:06'),
	(874038665, 5568.00, 215363179, '2025-05-01 20:13:06'),
	(874548386, 8827.00, 476987939, '2025-05-01 20:13:06'),
	(880557481, 3262.00, 579414817, '2025-05-01 20:13:06'),
	(882874187, 4716.00, 599822009, '2025-05-01 20:13:06'),
	(882913891, 272.00, 452290824, '2025-05-01 20:13:06'),
	(884474351, 9773.00, 215363179, '2025-05-01 20:13:06'),
	(888323971, 4049.00, 511204574, '2025-05-01 20:13:06'),
	(891662338, 6672.00, 812717794, '2025-05-01 20:13:06'),
	(892061255, 4870.00, 548873825, '2025-05-01 20:13:06'),
	(894711106, 5680.00, 114830997, '2025-05-01 20:13:06'),
	(897823982, 2369.00, 452290824, '2025-05-01 20:13:06'),
	(907004435, 9213.00, 101568273, '2025-05-01 20:13:06'),
	(910461948, 1394.00, 556506782, '2025-05-01 20:13:06'),
	(912931754, 6500.00, 615124236, '2025-05-01 20:13:06'),
	(916590765, 6910.00, 268264295, '2025-05-01 20:13:06'),
	(919263910, 3184.00, 476987939, '2025-05-01 20:13:06'),
	(932169364, 1249.00, 850447282, '2025-05-01 20:13:06'),
	(939956938, 4934.00, 192459144, '2025-05-01 20:13:06'),
	(941903929, 7812.00, 947157830, '2025-05-01 20:13:06'),
	(942540761, 4394.00, 884288401, '2025-05-01 20:13:06'),
	(942908400, 1398.00, 510014859, '2025-05-01 20:13:06'),
	(946888003, 2192.00, 947157830, '2025-05-01 20:13:06'),
	(949288056, 6594.00, 615124236, '2025-05-01 20:13:06'),
	(951572098, 4640.00, 142600342, '2025-05-01 20:13:06'),
	(952702340, 6744.00, 432495827, '2025-05-01 20:13:06'),
	(952953642, 2721.00, 452290824, '2025-05-01 20:13:06'),
	(953674494, 9608.00, 916860826, '2025-05-01 20:13:06'),
	(954408907, 1637.00, 599822009, '2025-05-01 20:13:06'),
	(956332110, 4851.00, 268264295, '2025-05-01 20:13:06'),
	(958117424, 6246.00, 436869433, '2025-05-01 20:13:06'),
	(966938668, 2091.00, 850447282, '2025-05-01 20:13:06'),
	(970315462, 9950.00, 947157830, '2025-05-01 20:13:06'),
	(971359762, 4797.00, 170001393, '2025-05-01 20:13:06'),
	(972833584, 4645.00, 971931496, '2025-05-01 20:13:06'),
	(974331223, 4640.00, 510014859, '2025-05-01 20:13:06'),
	(977292048, 430.00, 916860826, '2025-05-01 20:13:06'),
	(982720867, 5656.00, 812717794, '2025-05-01 20:13:06'),
	(983396857, 8915.00, 476987939, '2025-05-01 20:13:06'),
	(983733621, 1286.00, 510014859, '2025-05-01 20:13:06'),
	(984921176, 6445.00, 620948770, '2025-05-01 20:13:06'),
	(985676581, 9249.00, 170001393, '2025-05-01 20:13:06'),
	(990550216, 5597.00, 548873825, '2025-05-01 20:13:06'),
	(991743201, 6898.00, 170001393, '2025-05-01 20:13:06');

-- Volcando estructura para tabla financialdb.users
CREATE TABLE IF NOT EXISTS `users` (
  `user_id` int NOT NULL,
  `first_name` varchar(10) NOT NULL,
  `last_name` varchar(10) NOT NULL,
  `address` varchar(50) NOT NULL,
  `phone_num` varchar(15) NOT NULL,
  PRIMARY KEY (`user_id`)
) ENGINE=InnoDB DEFAULT CHARSET=utf8mb4 COLLATE=utf8mb4_0900_ai_ci;

-- Volcando datos para la tabla financialdb.users: ~50 rows (aproximadamente)
INSERT INTO `users` (`user_id`, `first_name`, `last_name`, `address`, `phone_num`) VALUES
	(101331995, 'Jessie', 'Mendoza', ' 316 Walnut Street San Jose, CA 95111', '3988964'),
	(105688391, 'Brendan', 'Zellers', ' 476 4th Street North Salinas, CA 93906', '2986936'),
	(127432318, 'Kathleen', 'Holt', ' 260 Grant Avenue Tulare, CA 93274', '4882033'),
	(136044569, 'Greta', 'Raschke', ' 272 Canal Street Oakland, CA 94601', '1877549'),
	(149043920, 'Tess', 'Riddles', ' 685 Oxford Road Watsonville, CA 95076', '9213193'),
	(151012500, 'Cliff', 'Antonucci', ' 426 Atlantic Avenue San Diego, CA 92117', '5400546'),
	(155046583, 'Ian', 'Mack', ' 165 Washington Street Ontario, CA 91762', '3914588'),
	(156917953, 'Lisette', 'Cortez', ' 735 Elizabeth Street Carmichael, CA 95608', '4205528'),
	(191873690, 'Kristal', 'Tincher', ' 986 Schoolhouse Lane Huntington Beach, CA 92646', '6485151'),
	(231646902, 'Jean', 'Peters', ' 592 Lincoln Avenue Vacaville, CA 95687', '1510713'),
	(260545616, 'Jenny', 'Arnold', ' 531 Schoolhouse Lane Canyon Country, CA 91351', '9851464'),
	(261526274, 'Joe', 'Torres', ' 394 Cherry Street La Puente, CA 91744', '8189949'),
	(266949409, 'Alfred', 'Myers', ' 36 Washington Street Carson, CA 90745', '8202369'),
	(272201236, 'Emely', 'Templin', ' 710 Locust Lane Anaheim, CA 92805', '3713121'),
	(281265203, 'Molly', 'Taylor', ' 883 Broadway Westminster, CA 92683', '2281009'),
	(307958594, 'Emma', 'Rogers', ' 915 Bridge Street Vista, CA 92083', '1206735'),
	(325913915, 'Sherry', 'Reynolds', ' 964 Lafayette Street San Diego, CA 92115', '6560070'),
	(335430472, 'Elane', 'Tremble', ' 543 Devonshire Drive San Diego, CA 92117', '4749865'),
	(338875710, 'Bryon', 'Rager', ' 678 Pheasant Run Salinas, CA 93906', '7458893'),
	(364806130, 'Lorene', 'Maxwell', ' 579 Chestnut Street Los Angeles, CA 90003', '4807777'),
	(428234817, 'Madie', 'Ruybal', ' 810 Franklin Street Salinas, CA 93906', '1209583'),
	(473787210, 'Melida', 'Barcus', ' 124 Monroe Street Santa Ana, CA 92707', '2950168'),
	(481901357, 'Marvin', 'Binns', ' 838 Aspen Drive Chula Vista, CA 91911', '3304418'),
	(499569175, 'Eloise', 'Kim', ' 750 8th Street Compton, CA 90221', '8545674'),
	(510608747, 'Ralph', 'Klein', ' 143 Magnolia Avenue Oakland, CA 94601', '9651978'),
	(548284015, 'Danielle', 'Arline', ' 644 College Street Van Nuys, CA 91405', '4494229'),
	(550771984, 'Carri', 'Hippe', ' 717 John Street Simi Valley, CA 93065', '1321616'),
	(552085676, 'Inez', 'Richards', ' 767 Buttonwood Drive Los Angeles, CA 90022', '2268272'),
	(567940148, 'Joya', 'Brumbaugh', ' 351 7th Street El Cajon, CA 92021', '2192972'),
	(569452678, 'Clint', 'Barton', ' 451 Magnolia Avenue Laguna Niguel, CA 92677', '1309907'),
	(584829885, 'Ora', 'Jimenez', ' 720 Park Street San Diego, CA 92117', '5935950'),
	(616754635, 'Rosalee', 'Trivette', ' 574 Center Street San Bernardino, CA 92404', '2037896'),
	(631659054, 'Shelley', 'Collard', ' 386 Route 7 Los Angeles, CA 90006', '1729720'),
	(641267911, 'Pamela', 'Porter', ' 617 Hartford Road Pomona, CA 91766', '2438607'),
	(651419172, 'Eloy', 'Forte', ' 785 Mechanic Street Montebello, CA 90640', '2350595'),
	(671130404, 'Gregg', 'Fitzgerald', ' 868 Oak Lane Rancho Cucamonga, CA 91730', '4015198'),
	(672062904, 'Catherin', 'Owusu', ' 560 Roberts Road San Jose, CA 95123', '6254911'),
	(689682810, 'Karen', 'Ochs', ' 694 Old York Road Santa Ana, CA 92701', '1553120'),
	(697616763, 'Drew', 'Bragdon', ' 230 Hillside Drive North Hollywood, CA 91605', '2023972'),
	(700845677, 'Joane', 'Haugh', ' 921 Edgewood Road Folsom, CA 95630', '6135534'),
	(703912469, 'Soon', 'Portis', ' 33 Race Street Sunnyvale, CA 94086', '4308757'),
	(726015610, 'Cathleen', 'Goguen', ' 549 Bridle Lane Modesto, CA 95350', '6879474'),
	(742042850, 'Errol', 'Brantner', ' 230 Magnolia Avenue Baldwin Park, CA 91706', '5954830'),
	(786091466, 'Chauncey', 'Mayorga', ' 528 Bank Street San Diego, CA 92154', '6558287'),
	(896966100, 'Tiffany', 'Sparks', ' 726 Green Street La Puente, CA 91744', '3037153'),
	(937989285, 'Jose', 'Tate', ' 290 2nd Street East National City, CA 91950', '2172890'),
	(964719963, 'Deloras', 'Stogner', ' 634 Franklin Street Merced, CA 95340', '8345168'),
	(965053100, 'Muriel', 'Manns', ' 625 Summer Street San Diego, CA 92105', '8961974'),
	(972531115, 'Starla', 'Gilligan', ' 310 1st Street Huntington Park, CA 90255', '9108611'),
	(995868025, 'Daphne', 'Lafreniere', ' 375 Cedar Lane Porterville, CA 93257', '9963696');

-- Volcando estructura para tabla financialdb.withdraw
CREATE TABLE IF NOT EXISTS `withdraw` (
  `trans_id` int NOT NULL,
  `trans_amount` decimal(10,2) NOT NULL,
  `account_num` int DEFAULT NULL,
  `trans_date` timestamp NOT NULL DEFAULT CURRENT_TIMESTAMP,
  PRIMARY KEY (`trans_id`),
  KEY `account_num` (`account_num`),
  CONSTRAINT `withdraw_ibfk_1` FOREIGN KEY (`account_num`) REFERENCES `accounts` (`account_num`) ON DELETE CASCADE,
  CONSTRAINT `withdraw_chk_1` CHECK (((`trans_id` > 0) and (`trans_amount` > 0)))
) ENGINE=InnoDB DEFAULT CHARSET=utf8mb4 COLLATE=utf8mb4_0900_ai_ci;

-- Volcando datos para la tabla financialdb.withdraw: ~250 rows (aproximadamente)
INSERT INTO `withdraw` (`trans_id`, `trans_amount`, `account_num`, `trans_date`) VALUES
	(101367904, 163.00, 579414817, '2025-05-01 20:13:06'),
	(102679421, 79.00, 116011072, '2025-05-01 20:13:06'),
	(104046104, 103.00, 526771753, '2025-05-01 20:13:06'),
	(107093789, 325.00, 436869433, '2025-05-01 20:13:06'),
	(111969719, 266.00, 615124236, '2025-05-01 20:13:06'),
	(113678343, 385.00, 170001393, '2025-05-01 20:13:06'),
	(120537196, 496.00, 971857280, '2025-05-01 20:13:06'),
	(122063265, 22.00, 753040214, '2025-05-01 20:13:06'),
	(125403984, 194.00, 620948770, '2025-05-01 20:13:06'),
	(129552794, 107.00, 915037662, '2025-05-01 20:13:06'),
	(135479550, 25.00, 753040214, '2025-05-01 20:13:06'),
	(135943439, 389.00, 615124236, '2025-05-01 20:13:06'),
	(136967710, 208.00, 170001393, '2025-05-01 20:13:06'),
	(143560403, 428.00, 187374532, '2025-05-01 20:13:06'),
	(147553926, 326.00, 753040214, '2025-05-01 20:13:06'),
	(150687281, 464.00, 615124236, '2025-05-01 20:13:06'),
	(153073753, 87.00, 971857280, '2025-05-01 20:13:06'),
	(153097348, 70.00, 850447282, '2025-05-01 20:13:06'),
	(154593142, 62.00, 915037662, '2025-05-01 20:13:06'),
	(160471590, 143.00, 268264295, '2025-05-01 20:13:06'),
	(161715841, 325.00, 336041020, '2025-05-01 20:13:06'),
	(163523262, 417.00, 114830997, '2025-05-01 20:13:06'),
	(164277937, 293.00, 407752913, '2025-05-01 20:13:06'),
	(165951383, 172.00, 753040214, '2025-05-01 20:13:06'),
	(167014049, 359.00, 526771753, '2025-05-01 20:13:06'),
	(168458953, 245.00, 620948770, '2025-05-01 20:13:06'),
	(168970254, 46.00, 341574705, '2025-05-01 20:13:06'),
	(171407267, 321.00, 170001393, '2025-05-01 20:13:06'),
	(174076904, 57.00, 915037662, '2025-05-01 20:13:06'),
	(182098087, 266.00, 581804075, '2025-05-01 20:13:06'),
	(189380811, 25.00, 599822009, '2025-05-01 20:13:06'),
	(190149006, 11.00, 114830997, '2025-05-01 20:13:06'),
	(193642560, 451.00, 581804075, '2025-05-01 20:13:06'),
	(201268059, 227.00, 850447282, '2025-05-01 20:13:06'),
	(201356183, 375.00, 268264295, '2025-05-01 20:13:06'),
	(211244509, 439.00, 581804075, '2025-05-01 20:13:06'),
	(212297425, 499.00, 268264295, '2025-05-01 20:13:06'),
	(218182431, 328.00, 579414817, '2025-05-01 20:13:06'),
	(220377152, 41.00, 526771753, '2025-05-01 20:13:06'),
	(222827455, 173.00, 341574705, '2025-05-01 20:13:06'),
	(225538202, 133.00, 812717794, '2025-05-01 20:13:06'),
	(230603076, 405.00, 812717794, '2025-05-01 20:13:06'),
	(234301751, 12.00, 432495827, '2025-05-01 20:13:06'),
	(235201637, 66.00, 615124236, '2025-05-01 20:13:06'),
	(246623401, 404.00, 850447282, '2025-05-01 20:13:06'),
	(248311394, 376.00, 170001393, '2025-05-01 20:13:06'),
	(249112705, 248.00, 526771753, '2025-05-01 20:13:06'),
	(254043711, 132.00, 579414817, '2025-05-01 20:13:06'),
	(254183620, 311.00, 915037662, '2025-05-01 20:13:06'),
	(254548570, 135.00, 432495827, '2025-05-01 20:13:06'),
	(266134086, 477.00, 535790385, '2025-05-01 20:13:06'),
	(266743749, 476.00, 268264295, '2025-05-01 20:13:06'),
	(270462420, 323.00, 215363179, '2025-05-01 20:13:06'),
	(284916698, 6.00, 579414817, '2025-05-01 20:13:06'),
	(286960895, 86.00, 971857280, '2025-05-01 20:13:06'),
	(292681109, 320.00, 341574705, '2025-05-01 20:13:06'),
	(297921963, 78.00, 581804075, '2025-05-01 20:13:06'),
	(298813953, 120.00, 526771753, '2025-05-01 20:13:06'),
	(300317567, 226.00, 114830997, '2025-05-01 20:13:06'),
	(300587914, 470.00, 850447282, '2025-05-01 20:13:06'),
	(301242427, 44.00, 599822009, '2025-05-01 20:13:06'),
	(303010822, 283.00, 432495827, '2025-05-01 20:13:06'),
	(303504146, 109.00, 971857280, '2025-05-01 20:13:06'),
	(308564962, 219.00, 187374532, '2025-05-01 20:13:06'),
	(310497859, 474.00, 599822009, '2025-05-01 20:13:06'),
	(313160371, 62.00, 170001393, '2025-05-01 20:13:06'),
	(317620595, 254.00, 535790385, '2025-05-01 20:13:06'),
	(318633907, 446.00, 116011072, '2025-05-01 20:13:06'),
	(321077382, 44.00, 116011072, '2025-05-01 20:13:06'),
	(327032593, 327.00, 971857280, '2025-05-01 20:13:06'),
	(329523862, 19.00, 336041020, '2025-05-01 20:13:06'),
	(335995293, 96.00, 476987939, '2025-05-01 20:13:06'),
	(340177709, 427.00, 215363179, '2025-05-01 20:13:06'),
	(340335718, 50.00, 581804075, '2025-05-01 20:13:06'),
	(342424336, 328.00, 615124236, '2025-05-01 20:13:06'),
	(344768124, 458.00, 436869433, '2025-05-01 20:13:06'),
	(345205392, 420.00, 341574705, '2025-05-01 20:13:06'),
	(348669328, 438.00, 116011072, '2025-05-01 20:13:06'),
	(351066118, 183.00, 599822009, '2025-05-01 20:13:06'),
	(355610389, 494.00, 170001393, '2025-05-01 20:13:06'),
	(368715344, 37.00, 526771753, '2025-05-01 20:13:06'),
	(376992394, 108.00, 947157830, '2025-05-01 20:13:06'),
	(377478656, 87.00, 615124236, '2025-05-01 20:13:06'),
	(380600548, 122.00, 114830997, '2025-05-01 20:13:06'),
	(388079049, 321.00, 215363179, '2025-05-01 20:13:06'),
	(389028844, 131.00, 615124236, '2025-05-01 20:13:06'),
	(389351609, 466.00, 947157830, '2025-05-01 20:13:06'),
	(389896550, 288.00, 336041020, '2025-05-01 20:13:06'),
	(390260737, 38.00, 436869433, '2025-05-01 20:13:06'),
	(397240571, 429.00, 336041020, '2025-05-01 20:13:06'),
	(398238299, 357.00, 187374532, '2025-05-01 20:13:06'),
	(399307489, 203.00, 341574705, '2025-05-01 20:13:06'),
	(400068968, 9.00, 812717794, '2025-05-01 20:13:06'),
	(401752647, 389.00, 407752913, '2025-05-01 20:13:06'),
	(404548143, 435.00, 432495827, '2025-05-01 20:13:06'),
	(411027486, 458.00, 812717794, '2025-05-01 20:13:06'),
	(419262604, 106.00, 215363179, '2025-05-01 20:13:06'),
	(420500725, 70.00, 170001393, '2025-05-01 20:13:06'),
	(420739973, 384.00, 436869433, '2025-05-01 20:13:06'),
	(420811558, 379.00, 971857280, '2025-05-01 20:13:06'),
	(427116730, 302.00, 850447282, '2025-05-01 20:13:06'),
	(435186316, 6.00, 615124236, '2025-05-01 20:13:06'),
	(441708045, 296.00, 436869433, '2025-05-01 20:13:06'),
	(442503885, 470.00, 407752913, '2025-05-01 20:13:06'),
	(449175040, 404.00, 215363179, '2025-05-01 20:13:06'),
	(451702417, 280.00, 812717794, '2025-05-01 20:13:06'),
	(457945185, 213.00, 535790385, '2025-05-01 20:13:06'),
	(458462065, 308.00, 436869433, '2025-05-01 20:13:06'),
	(465294352, 64.00, 850447282, '2025-05-01 20:13:06'),
	(465343288, 279.00, 432495827, '2025-05-01 20:13:06'),
	(466881203, 259.00, 476987939, '2025-05-01 20:13:06'),
	(471626142, 316.00, 476987939, '2025-05-01 20:13:06'),
	(473260056, 336.00, 535790385, '2025-05-01 20:13:06'),
	(481522466, 152.00, 947157830, '2025-05-01 20:13:06'),
	(485316811, 472.00, 812717794, '2025-05-01 20:13:06'),
	(493457065, 478.00, 187374532, '2025-05-01 20:13:06'),
	(498893429, 408.00, 432495827, '2025-05-01 20:13:06'),
	(504203540, 461.00, 336041020, '2025-05-01 20:13:06'),
	(504909831, 425.00, 579414817, '2025-05-01 20:13:06'),
	(505757496, 236.00, 407752913, '2025-05-01 20:13:06'),
	(510695564, 202.00, 116011072, '2025-05-01 20:13:06'),
	(512108007, 279.00, 581804075, '2025-05-01 20:13:06'),
	(516194888, 222.00, 407752913, '2025-05-01 20:13:06'),
	(521712310, 213.00, 476987939, '2025-05-01 20:13:06'),
	(521866509, 128.00, 620948770, '2025-05-01 20:13:06'),
	(522203438, 332.00, 407752913, '2025-05-01 20:13:06'),
	(524375604, 330.00, 812717794, '2025-05-01 20:13:06'),
	(535469626, 169.00, 476987939, '2025-05-01 20:13:06'),
	(538773621, 117.00, 535790385, '2025-05-01 20:13:06'),
	(542219400, 387.00, 187374532, '2025-05-01 20:13:06'),
	(548493400, 80.00, 336041020, '2025-05-01 20:13:06'),
	(550698174, 421.00, 476987939, '2025-05-01 20:13:06'),
	(551405090, 47.00, 215363179, '2025-05-01 20:13:06'),
	(563908124, 269.00, 753040214, '2025-05-01 20:13:06'),
	(565348034, 440.00, 535790385, '2025-05-01 20:13:06'),
	(565370459, 375.00, 812717794, '2025-05-01 20:13:06'),
	(565748226, 383.00, 170001393, '2025-05-01 20:13:06'),
	(575821847, 34.00, 947157830, '2025-05-01 20:13:06'),
	(582328084, 143.00, 341574705, '2025-05-01 20:13:06'),
	(582732519, 357.00, 187374532, '2025-05-01 20:13:06'),
	(584394669, 458.00, 850447282, '2025-05-01 20:13:06'),
	(592142966, 171.00, 947157830, '2025-05-01 20:13:06'),
	(602456699, 281.00, 620948770, '2025-05-01 20:13:06'),
	(603089668, 54.00, 915037662, '2025-05-01 20:13:06'),
	(609723347, 404.00, 915037662, '2025-05-01 20:13:06'),
	(614088587, 306.00, 947157830, '2025-05-01 20:13:06'),
	(618234245, 74.00, 620948770, '2025-05-01 20:13:06'),
	(628776428, 269.00, 114830997, '2025-05-01 20:13:06'),
	(631332939, 165.00, 336041020, '2025-05-01 20:13:06'),
	(634713492, 206.00, 341574705, '2025-05-01 20:13:06'),
	(636817254, 486.00, 341574705, '2025-05-01 20:13:06'),
	(637605373, 268.00, 579414817, '2025-05-01 20:13:06'),
	(641872872, 9.00, 971857280, '2025-05-01 20:13:06'),
	(642168826, 306.00, 432495827, '2025-05-01 20:13:06'),
	(644036151, 215.00, 407752913, '2025-05-01 20:13:06'),
	(644281076, 461.00, 915037662, '2025-05-01 20:13:06'),
	(645039214, 236.00, 436869433, '2025-05-01 20:13:06'),
	(648803478, 90.00, 187374532, '2025-05-01 20:13:06'),
	(652188025, 390.00, 114830997, '2025-05-01 20:13:06'),
	(658953984, 481.00, 114830997, '2025-05-01 20:13:06'),
	(661726008, 494.00, 535790385, '2025-05-01 20:13:06'),
	(668044245, 239.00, 114830997, '2025-05-01 20:13:06'),
	(671162772, 166.00, 432495827, '2025-05-01 20:13:06'),
	(676270231, 377.00, 436869433, '2025-05-01 20:13:06'),
	(677600982, 39.00, 535790385, '2025-05-01 20:13:06'),
	(678189233, 247.00, 620948770, '2025-05-01 20:13:06'),
	(685303759, 465.00, 753040214, '2025-05-01 20:13:06'),
	(691094307, 197.00, 850447282, '2025-05-01 20:13:06'),
	(694521086, 415.00, 407752913, '2025-05-01 20:13:06'),
	(695339253, 343.00, 268264295, '2025-05-01 20:13:06'),
	(695391026, 446.00, 268264295, '2025-05-01 20:13:06'),
	(698145000, 423.00, 526771753, '2025-05-01 20:13:06'),
	(705292257, 191.00, 436869433, '2025-05-01 20:13:06'),
	(708279698, 106.00, 581804075, '2025-05-01 20:13:06'),
	(708974611, 416.00, 116011072, '2025-05-01 20:13:06'),
	(709521610, 450.00, 915037662, '2025-05-01 20:13:06'),
	(716872182, 342.00, 753040214, '2025-05-01 20:13:06'),
	(717846290, 475.00, 170001393, '2025-05-01 20:13:06'),
	(721589794, 162.00, 620948770, '2025-05-01 20:13:06'),
	(724833787, 183.00, 170001393, '2025-05-01 20:13:06'),
	(729476002, 156.00, 116011072, '2025-05-01 20:13:06'),
	(730718501, 350.00, 915037662, '2025-05-01 20:13:06'),
	(731661519, 310.00, 215363179, '2025-05-01 20:13:06'),
	(731968468, 364.00, 114830997, '2025-05-01 20:13:06'),
	(734483873, 438.00, 407752913, '2025-05-01 20:13:06'),
	(738018535, 151.00, 599822009, '2025-05-01 20:13:06'),
	(739289472, 162.00, 971857280, '2025-05-01 20:13:06'),
	(744594330, 28.00, 915037662, '2025-05-01 20:13:06'),
	(748988800, 70.00, 116011072, '2025-05-01 20:13:06'),
	(758440082, 234.00, 215363179, '2025-05-01 20:13:06'),
	(760879388, 398.00, 599822009, '2025-05-01 20:13:06'),
	(768838592, 242.00, 579414817, '2025-05-01 20:13:06'),
	(769485362, 420.00, 579414817, '2025-05-01 20:13:06'),
	(769713443, 420.00, 268264295, '2025-05-01 20:13:06'),
	(775430836, 406.00, 620948770, '2025-05-01 20:13:06'),
	(777773396, 123.00, 581804075, '2025-05-01 20:13:06'),
	(783128462, 372.00, 432495827, '2025-05-01 20:13:06'),
	(783926603, 201.00, 947157830, '2025-05-01 20:13:06'),
	(785118202, 68.00, 436869433, '2025-05-01 20:13:06'),
	(795184492, 373.00, 476987939, '2025-05-01 20:13:06'),
	(796085029, 187.00, 971857280, '2025-05-01 20:13:06'),
	(796852180, 316.00, 341574705, '2025-05-01 20:13:06'),
	(799685572, 460.00, 116011072, '2025-05-01 20:13:06'),
	(804032653, 488.00, 753040214, '2025-05-01 20:13:06'),
	(812418198, 144.00, 599822009, '2025-05-01 20:13:06'),
	(818199189, 470.00, 535790385, '2025-05-01 20:13:06'),
	(820010380, 152.00, 947157830, '2025-05-01 20:13:06'),
	(825025402, 374.00, 268264295, '2025-05-01 20:13:06'),
	(828668309, 178.00, 579414817, '2025-05-01 20:13:06'),
	(830807613, 421.00, 947157830, '2025-05-01 20:13:06'),
	(832259323, 455.00, 971857280, '2025-05-01 20:13:06'),
	(840337773, 217.00, 620948770, '2025-05-01 20:13:06'),
	(841035675, 79.00, 850447282, '2025-05-01 20:13:06'),
	(848262622, 9.00, 114830997, '2025-05-01 20:13:06'),
	(870708995, 339.00, 526771753, '2025-05-01 20:13:06'),
	(870797036, 370.00, 599822009, '2025-05-01 20:13:06'),
	(876736408, 254.00, 187374532, '2025-05-01 20:13:06'),
	(877818665, 223.00, 615124236, '2025-05-01 20:13:06'),
	(879582082, 133.00, 215363179, '2025-05-01 20:13:06'),
	(884450656, 300.00, 812717794, '2025-05-01 20:13:06'),
	(885975634, 34.00, 812717794, '2025-05-01 20:13:06'),
	(894417478, 496.00, 535790385, '2025-05-01 20:13:06'),
	(897415452, 352.00, 850447282, '2025-05-01 20:13:06'),
	(898901459, 4.00, 476987939, '2025-05-01 20:13:06'),
	(902925766, 382.00, 187374532, '2025-05-01 20:13:06'),
	(907748728, 396.00, 432495827, '2025-05-01 20:13:06'),
	(910031161, 278.00, 947157830, '2025-05-01 20:13:06'),
	(913334260, 311.00, 476987939, '2025-05-01 20:13:06'),
	(916989804, 193.00, 581804075, '2025-05-01 20:13:06'),
	(919185495, 31.00, 620948770, '2025-05-01 20:13:06'),
	(919827622, 331.00, 187374532, '2025-05-01 20:13:06'),
	(923577598, 430.00, 268264295, '2025-05-01 20:13:06'),
	(929270316, 97.00, 599822009, '2025-05-01 20:13:06'),
	(929961668, 349.00, 407752913, '2025-05-01 20:13:06'),
	(945607947, 27.00, 599822009, '2025-05-01 20:13:06'),
	(950908171, 358.00, 579414817, '2025-05-01 20:13:06'),
	(951912071, 90.00, 341574705, '2025-05-01 20:13:06'),
	(959738493, 208.00, 526771753, '2025-05-01 20:13:06'),
	(965587519, 481.00, 581804075, '2025-05-01 20:13:06'),
	(968523997, 471.00, 615124236, '2025-05-01 20:13:06'),
	(973167079, 24.00, 753040214, '2025-05-01 20:13:06'),
	(976786975, 94.00, 753040214, '2025-05-01 20:13:06'),
	(979340023, 238.00, 336041020, '2025-05-01 20:13:06'),
	(980701935, 44.00, 336041020, '2025-05-01 20:13:06'),
	(983717171, 371.00, 336041020, '2025-05-01 20:13:06'),
	(989179675, 426.00, 215363179, '2025-05-01 20:13:06'),
	(992554690, 297.00, 476987939, '2025-05-01 20:13:06'),
	(992748040, 157.00, 116011072, '2025-05-01 20:13:06'),
	(995348345, 258.00, 526771753, '2025-05-01 20:13:06'),
	(997189750, 232.00, 268264295, '2025-05-01 20:13:06');

/*!40103 SET TIME_ZONE=IFNULL(@OLD_TIME_ZONE, 'system') */;
/*!40101 SET SQL_MODE=IFNULL(@OLD_SQL_MODE, '') */;
/*!40014 SET FOREIGN_KEY_CHECKS=IFNULL(@OLD_FOREIGN_KEY_CHECKS, 1) */;
/*!40101 SET CHARACTER_SET_CLIENT=@OLD_CHARACTER_SET_CLIENT */;
/*!40111 SET SQL_NOTES=IFNULL(@OLD_SQL_NOTES, 1) */;
